"시도","시군구","피해유형","피해시작일","피해종료일"
"경상북도","영양군","운반급수",14/07/01,14/07/26
"경기도","가평군","운반급수",14/07/08,14/07/09
"경기도","가평군","운반급수",14/07/08,14/07/15
"경상북도","안동시","운반급수",14/07/09,14/07/09
"경기도","가평군","운반급수",14/07/11,14/07/15
"강원도","인제군","운반급수",14/07/11,14/08/18
"경기도","가평군","운반급수",14/07/12,14/07/18
"강원도","인제군","운반급수",14/07/12,14/08/18
"강원도","화천군","운반급수",14/07/12,14/08/18
"경상북도","영양군","운반급수",14/07/13,14/07/30
"강원도","춘천시","운반급수",14/07/14,14/08/18
"충청북도","단양군","운반급수",14/07/16,14/07/18
"충청북도","충주시","운반급수",14/07/16,14/07/23
"충청북도","충주시","운반급수",14/07/16,14/08/06
"강원도","화천군","운반급수",14/07/16,14/08/18
"강원도","화천군","운반급수",14/07/17,14/08/18
"강원도","원주시","운반급수",14/07/18,14/08/18
"강원도","화천군","운반급수",14/07/18,14/08/18
"강원도","평창군","운반급수",14/07/20,14/08/18
"강원도","화천군","운반급수",14/07/20,14/08/18
"충청남도","금산군","운반급수",14/07/21,14/07/21
"강원도","원주시","운반급수",14/07/21,14/08/18
"경상북도","의성군","운반급수",14/07/21,14/08/04
"강원도","평창군","운반급수",14/07/21,14/08/18
"강원도","평창군","운반급수",14/07/22,14/08/18
"강원도","홍천군","운반급수",14/07/22,14/07/22
"강원도","홍천군","운반급수",14/07/22,14/07/25
"경상북도","영양군","운반급수",14/07/27,14/07/31
"강원도","삼척시","운반급수",14/07/28,14/08/18
"경상북도","울진군","운반급수",14/07/28,14/08/04
"경상북도","울진군","제한급수",14/07/28,14/08/04
"강원도","평창군","운반급수",14/07/28,14/08/18
"경상북도","안동시","운반급수",14/07/29,14/09/30
"경상북도","울진군","제한급수",14/07/30,14/08/04
"충청남도","금산군","운반급수",14/07/31,14/08/01
"강원도","삼척시","운반급수",14/07/31,14/08/18
"경상북도","의성군","운반급수",14/07/31,14/08/01
"경상북도","안동시","운반급수",14/08/01,14/08/01
"충청북도","영동군","운반급수",14/08/01,14/08/06
"충청북도","제천시","운반급수",14/08/01,14/08/06
"경상북도","안동시","운반급수",14/08/21,14/08/21
"경상북도","안동시","운반급수",14/09/07,14/09/07
"경상북도","안동시","운반급수",14/09/09,14/09/09
"경상북도","예천군","운반급수",14/10/01,15/06/30
"인천광역시","옹진군","운반급수",14/11/18,14/11/18
"인천광역시","옹진군","운반급수",14/11/18,14/11/27
"강원도","춘천시","운반급수",14/12/01,15/06/26
"인천광역시","옹진군","운반급수",14/12/09,14/12/09
"강원도","화천군","운반급수",14/12/19,15/02/22
"강원도","화천군","운반급수",14/12/29,15/02/22
"경기도","가평군","운반급수",15/01/01,15/07/03
"경기도","가평군","운반급수",15/01/02,15/07/07
"경기도","가평군","운반급수",15/01/03,15/07/06
"경기도","가평군","운반급수",15/01/05,15/07/07
"강원도","평창군","운반급수",15/01/05,15/02/17
"강원도","평창군","운반급수",15/01/05,15/04/03
"경기도","가평군","운반급수",15/01/08,15/02/12
"경기도","광주시","운반급수",15/01/13,15/07/20
"인천광역시","옹진군","운반급수",15/01/14,15/01/14
"인천광역시","중구","운반급수",15/01/14,15/07/10
"경기도","가평군","운반급수",15/01/21,15/07/06
"경상북도","안동시","운반급수",15/01/23,15/01/23
"인천광역시","옹진군","운반급수",15/01/23,15/12/31
"인천광역시","강화군","제한급수",15/01/28,15/07/13
"인천광역시","옹진군","운반급수",15/02/02,15/11/06
"경상북도","안동시","운반급수",15/02/09,15/02/09
"경기도","가평군","운반급수",15/02/10,15/05/25
"인천광역시","옹진군","운반급수",15/02/10,15/07/27
"강원도","인제군","운반급수",15/02/10,15/02/22
"경기도","가평군","운반급수",15/02/12,15/03/17
"경기도","가평군","운반급수",15/02/16,15/06/04
"경상북도","안동시","운반급수",15/02/16,15/02/16
"강원도","양구군","제한급수",15/02/20,15/06/26
"강원도","원주시","운반급수",15/03/02,15/04/03
"인천광역시","중구","운반급수",15/03/02,15/11/17
"경기도","가평군","운반급수",15/03/09,15/06/06
"인천광역시","강화군","제한급수",15/03/10,15/09/07
"강원도","양구군","제한급수",15/03/10,15/06/26
"경기도","가평군","운반급수",15/03/15,15/03/16
"인천광역시","강화군","제한급수",15/03/20,15/09/07
"경기도","가평군","운반급수",15/03/26,15/07/07
"인천광역시","강화군","운반급수",15/03/30,15/07/13
"강원도","횡성군","운반급수",15/04/30,15/06/26
"충청북도","단양군","운반급수",15/05/02,15/06/08
"인천광역시","강화군","제한급수",15/05/11,15/07/27
"인천광역시","강화군","제한급수",15/05/15,15/07/13
"인천광역시","강화군","제한급수",15/05/15,16/02/18
"인천광역시","강화군","제한급수",15/05/18,15/07/13
"인천광역시","강화군","제한급수",15/05/20,15/07/27
"인천광역시","옹진군","운반급수",15/05/20,15/05/20
"인천광역시","옹진군","운반급수",15/05/20,15/09/07
"인천광역시","옹진군","운반급수",15/05/20,15/09/18
"인천광역시","강화군","제한급수",15/05/22,15/07/13
"경상북도","울진군","운반급수",15/05/22,15/06/26
"충청북도","영동군","운반급수",15/05/23,15/06/26
"충청북도","충주시","운반급수",15/05/24,15/06/26
"강원도","삼척시","운반급수",15/05/26,15/06/26
"강원도","동해시","운반급수",15/05/27,15/06/26
"강원도","강릉시","제한급수",15/05/29,15/06/25
"충청북도","충주시","운반급수",15/05/29,15/06/26
"경상북도","봉화군","운반급수",15/05/30,15/06/22
"강원도","정선군","운반급수",15/05/30,15/06/26
"경기도","가평군","운반급수",15/06/01,15/07/07
"강원도","강릉시","제한급수",15/06/01,15/06/16
"강원도","강릉시","제한급수",15/06/01,15/06/25
"인천광역시","강화군","제한급수",15/06/01,15/09/18
"전라북도","무주군","운반급수",15/06/01,15/06/02
"경상북도","울진군","제한급수",15/06/01,15/06/09
"경상북도","울진군","제한급수",15/06/01,15/06/26
"강원도","춘천시","운반급수",15/06/01,15/06/26
"강원도","화천군","운반급수",15/06/01,15/07/12
"강원도","삼척시","운반급수",15/06/02,15/06/26
"강원도","인제군","운반급수",15/06/02,15/10/19
"인천광역시","강화군","제한급수",15/06/03,15/07/27
"충청북도","단양군","운반급수",15/06/04,15/06/22
"인천광역시","옹진군","운반급수",15/06/04,15/11/04
"경상북도","울진군","제한급수",15/06/04,15/06/26
"충청북도","단양군","운반급수",15/06/05,15/06/26
"경상북도","봉화군","운반급수",15/06/06,15/06/21
"강원도","영월군","운반급수",15/06/07,15/06/26
"경상북도","울진군","운반급수",15/06/09,15/06/26
"강원도","평창군","운반급수",15/06/09,15/06/26
"전라북도","무주군","운반급수",15/06/10,15/06/25
"인천광역시","강화군","제한급수",15/06/11,15/07/13
"인천광역시","강화군","제한급수",15/06/11,15/07/27
"경상북도","봉화군","운반급수",15/06/11,15/06/22
"경기도","가평군","운반급수",15/06/12,15/07/06
"전라북도","임실군","운반급수",15/06/12,15/06/15
"충청북도","충주시","운반급수",15/06/13,15/06/26
"경상북도","봉화군","운반급수",15/06/14,15/06/26
"경상북도","봉화군","운반급수",15/06/15,15/06/22
"강원도","삼척시","운반급수",15/06/15,15/06/26
"충청북도","영동군","운반급수",15/06/15,15/06/26
"경상북도","울진군","운반급수",15/06/15,15/06/26
"강원도","인제군","운반급수",15/06/15,15/06/26
"강원도","정선군","운반급수",15/06/15,15/06/26
"충청북도","제천시","운반급수",15/06/15,15/06/26
"충청북도","단양군","운반급수",15/06/16,15/06/16
"강원도","평창군","운반급수",15/06/16,15/06/26
"경상북도","봉화군","운반급수",15/06/17,15/06/26
"경상북도","상주시","운반급수",15/06/17,15/06/21
"강원도","속초시","제한급수",15/06/17,15/06/26
"경상북도","울진군","제한급수",15/06/17,15/06/26
"강원도","인제군","운반급수",15/06/17,15/06/26
"강원도","정선군","운반급수",15/06/17,15/06/26
"전라북도","진안군","운반급수",15/06/17,15/06/20
"강원도","평창군","운반급수",15/06/17,15/06/26
"강원도","횡성군","운반급수",15/06/17,15/06/26
"강원도","강릉시","운반급수",15/06/18,15/06/26
"인천광역시","강화군","제한급수",15/06/18,15/09/07
"충청북도","단양군","운반급수",15/06/18,15/06/26
"경상북도","상주시","운반급수",15/06/18,15/06/21
"경상북도","안동시","운반급수",15/06/18,15/06/22
"경상북도","안동시","운반급수",15/06/18,15/06/26
"경상북도","울진군","운반급수",15/06/18,15/06/26
"경상북도","울진군","제한급수",15/06/18,15/06/26
"경상북도","의성군","운반급수",15/06/18,15/06/26
"충청북도","제천시","운반급수",15/06/18,15/06/26
"강원도","횡성군","운반급수",15/06/18,15/06/26
"경상북도","안동시","운반급수",15/06/19,15/06/19
"인천광역시","옹진군","운반급수",15/06/19,15/06/19
"인천광역시","옹진군","운반급수",15/06/19,15/07/27
"인천광역시","옹진군","운반급수",15/06/19,16/04/05
"경상북도","울진군","제한급수",15/06/19,15/06/26
"충청북도","제천시","운반급수",15/06/19,15/06/26
"강원도","삼척시","운반급수",15/06/20,15/06/26
"경상북도","청송군","운반급수",15/06/20,15/06/26
"경상북도","봉화군","운반급수",15/06/22,15/06/26
"강원도","춘천시","운반급수",15/06/22,15/06/26
"경기도","광주시","운반급수",15/06/23,15/07/15
"인천광역시","강화군","제한급수",15/07/02,15/09/07
"인천광역시","옹진군","운반급수",15/07/03,15/07/13
"강원도","인제군","운반급수",15/07/06,15/07/12
"경상북도","안동시","운반급수",15/07/31,15/07/31
"경상북도","안동시","운반급수",15/08/03,15/08/03
"경상북도","안동시","운반급수",15/09/12,15/09/12
"인천광역시","강화군","운반급수",15/09/15,15/10/22
"인천광역시","강화군","제한급수",15/09/15,15/10/21
"충청북도","단양군","운반급수",15/09/16,15/10/02
"충청북도","옥천군","운반급수",15/09/17,15/10/02
"경상북도","안동시","운반급수",15/09/18,15/09/18
"충청북도","충주시","운반급수",15/09/18,15/10/02
"충청북도","옥천군","운반급수",15/09/19,15/10/02
"충청북도","단양군","운반급수",15/09/21,15/10/02
"강원도","평창군","운반급수",15/09/21,15/10/14
"충청북도","청주시상당구","운반급수",15/09/22,15/10/02
"충청북도","청주시상당구","운반급수",15/09/23,15/11/09
"충청북도","단양군","운반급수",15/09/24,15/10/02
"충청북도","단양군","운반급수",15/09/25,15/11/09
"충청북도","단양군","운반급수",15/09/26,15/10/01
"충청북도","단양군","운반급수",15/09/26,15/10/02
"충청북도","청주시상당구","운반급수",15/09/26,15/10/02
"충청북도","단양군","운반급수",15/09/27,15/10/01
"충청북도","영동군","운반급수",15/09/27,15/10/01
"충청북도","청주시상당구","운반급수",15/09/27,15/10/02
"충청북도","괴산군","제한급수",15/10/07,15/10/12
"강원도","영월군","운반급수",15/10/08,15/11/09
"강원도","춘천시","운반급수",15/10/08,15/10/19
"경상북도","예천군","운반급수",15/10/10,16/07/08
"경상북도","예천군","제한급수",15/10/10,16/07/08
"경상북도","봉화군","운반급수",15/10/14,15/11/06
"강원도","정선군","운반급수",15/10/14,15/10/19
"강원도","영월군","운반급수",15/10/19,15/11/09
"경기도","안성시","제한급수",15/10/20,16/02/22
"충청남도","보령시","제한급수",15/10/22,15/11/16
"경상북도","안동시","운반급수",15/10/31,15/10/31
"전라남도","신안군","제한급수",15/11/01,15/12/31
"전라남도","신안군","제한급수",15/11/02,15/12/31
"경상북도","안동시","운반급수",15/11/03,15/11/03
"전라남도","신안군","제한급수",15/12/14,15/12/31
"전라남도","고흥군","제한급수",16/01/01,16/12/31
"전라남도","신안군","제한급수",16/01/01,16/04/27
"전라남도","신안군","제한급수",16/01/01,16/04/29
"전라남도","신안군","제한급수",16/01/01,16/05/04
"인천광역시","옹진군","운반급수",16/01/14,16/12/05
"인천광역시","옹진군","운반급수",16/01/20,16/01/20
"강원도","춘천시","운반급수",16/01/20,16/06/12
"경기도","광주시","운반급수",16/01/22,16/12/21
"경기도","광주시","운반급수",16/01/23,16/12/13
"경기도","광주시","운반급수",16/01/25,16/01/25
"충청북도","단양군","운반급수",16/01/25,16/02/22
"경상북도","안동시","운반급수",16/01/25,16/01/25
"경상북도","의성군","운반급수",16/01/26,16/01/28
"충청북도","제천시","운반급수",16/01/26,16/11/11
"경상북도","청송군","운반급수",16/01/26,16/01/27
"충청북도","충주시","운반급수",16/01/26,16/01/27
"강원도","홍천군","운반급수",16/01/26,16/01/27
"강원도","홍천군","운반급수",16/01/29,16/01/29
"경기도","광주시","운반급수",16/02/01,16/09/29
"경상북도","의성군","운반급수",16/02/01,16/02/04
"강원도","홍천군","운반급수",16/02/01,16/02/01
"인천광역시","강화군","제한급수",16/02/02,16/02/28
"강원도","홍천군","운반급수",16/02/03,16/02/03
"충청북도","제천시","운반급수",16/02/04,16/09/08
"강원도","홍천군","운반급수",16/02/05,16/02/05
"충청북도","충주시","운반급수",16/02/07,16/04/09
"전라남도","여수시","운반급수",16/02/10,16/02/10
"인천광역시","옹진군","운반급수",16/02/26,16/12/05
"경기도","광주시","운반급수",16/03/03,16/03/03
"충청남도","천안시동남구","운반급수",16/03/10,16/06/20
"경기도","하남시","운반급수",16/03/10,16/05/20
"인천광역시","옹진군","운반급수",16/03/11,16/03/11
"인천광역시","옹진군","운반급수",16/03/11,16/08/25
"인천광역시","옹진군","운반급수",16/03/16,16/12/12
"경기도","하남시","운반급수",16/03/17,16/04/03
"경상북도","의성군","운반급수",16/03/20,16/03/22
"경기도","하남시","운반급수",16/03/20,16/04/30
"경상북도","예천군","제한급수",16/03/23,16/06/20
"경상북도","안동시","운반급수",16/03/26,16/03/26
"인천광역시","서구","운반급수",16/04/07,16/09/30
"강원도","태백시","운반급수",16/04/25,16/04/25
"인천광역시","중구","운반급수",16/04/30,16/05/06
"인천광역시","옹진군","운반급수",16/05/02,16/05/02
"충청남도","홍성군","제한급수",16/05/03,16/06/10
"충청북도","충주시","운반급수",16/05/04,16/06/13
"충청북도","충주시","운반급수",16/05/11,16/06/25
"경상북도","안동시","운반급수",16/05/20,16/05/20
"경상북도","청송군","운반급수",16/05/23,16/05/24
"강원도","춘천시","운반급수",16/05/23,16/06/05
"강원도","영월군","운반급수",16/05/25,16/05/26
"강원도","횡성군","운반급수",16/05/25,16/05/26
"강원도","화천군","운반급수",16/05/29,16/05/29
"경상북도","경주시","운반급수",16/05/30,16/08/30
"경상북도","경주시","제한급수",16/05/30,16/08/30
"강원도","화천군","운반급수",16/05/30,16/05/30
"강원도","영월군","운반급수",16/05/31,16/06/05
"경기도","가평군","운반급수",16/06/03,16/06/03
"경상북도","안동시","운반급수",16/06/08,16/10/04
"인천광역시","옹진군","운반급수",16/06/13,16/06/13
"강원도","홍천군","운반급수",16/06/14,16/06/14
"충청북도","제천시","운반급수",16/06/15,16/06/23
"경기도","가평군","운반급수",16/06/17,16/11/11
"전라북도","장수군","운반급수",16/06/20,16/07/15
"경기도","광주시","운반급수",16/06/24,16/06/24
"강원도","태백시","운반급수",16/06/27,16/07/04
"인천광역시","옹진군","운반급수",16/06/30,16/09/30
"경상북도","영덕군","운반급수",16/07/01,16/08/31
"전라북도","완주군","운반급수",16/07/10,16/07/10
"경기도","가평군","운반급수",16/07/11,16/07/11
"경상북도","안동시","운반급수",16/07/13,16/07/13
"전라북도","완주군","운반급수",16/07/25,16/07/29
"충청남도","금산군","운반급수",16/07/26,16/08/02
"경상북도","포항시남구","운반급수",16/07/28,16/09/26
"전라북도","완주군","운반급수",16/07/29,16/07/29
"전라북도","진안군","운반급수",16/08/02,16/08/04
"전라북도","완주군","운반급수",16/08/05,16/08/20
"전라북도","완주군","운반급수",16/08/07,16/08/10
"전라북도","완주군","운반급수",16/08/08,16/08/16
"강원도","태백시","운반급수",16/08/08,16/08/09
"전라남도","여수시","운반급수",16/08/10,16/08/31
"인천광역시","옹진군","운반급수",16/08/10,16/08/23
"인천광역시","옹진군","운반급수",16/08/10,16/11/23
"인천광역시","옹진군","운반급수",16/08/15,16/08/15
"전라북도","완주군","운반급수",16/08/16,16/08/16
"충청북도","보은군","운반급수",16/08/17,16/08/31
"경상북도","안동시","운반급수",16/08/17,16/10/04
"전라북도","완주군","운반급수",16/08/17,16/09/13
"전라북도","완주군","운반급수",16/08/17,16/09/14
"전라북도","완주군","운반급수",16/08/18,16/08/18
"전라남도","강진군","운반급수",16/08/19,16/08/21
"경상북도","안동시","운반급수",16/08/19,16/10/04
"전라남도","장흥군","운반급수",16/08/20,16/09/04
"경상북도","의성군","운반급수",16/08/21,16/08/22
"경기도","가평군","운반급수",16/08/22,16/08/22
"경기도","가평군","운반급수",16/08/22,16/12/21
"충청남도","금산군","운반급수",16/08/22,16/08/24
"경상북도","상주시","운반급수",16/08/23,16/08/25
"전라북도","완주군","운반급수",16/08/23,16/09/09
"경상북도","안동시","운반급수",16/08/24,16/08/24
"전라남도","고흥군","제한급수",16/08/25,16/08/28
"전라북도","완주군","운반급수",16/09/06,16/09/12
"전라북도","완주군","운반급수",16/09/08,16/09/08
"경기도","가평군","운반급수",16/09/09,16/09/09
"전라북도","임실군","운반급수",16/09/10,16/10/11
"전라북도","완주군","운반급수",16/09/13,16/09/13
"인천광역시","강화군","제한급수",16/09/14,16/09/16
"전라북도","진안군","운반급수",16/09/14,16/09/14
"충청북도","충주시","운반급수",16/09/14,16/12/31
"경상북도","안동시","운반급수",16/09/16,16/09/16
"경기도","가평군","운반급수",16/09/19,16/10/18
"경기도","가평군","운반급수",16/09/23,16/12/20
"경기도","가평군","운반급수",16/10/14,16/10/14
"경기도","가평군","운반급수",16/10/28,16/10/28
"경기도","안성시","제한급수",16/11/29,17/04/15
"경기도","가평군","운반급수",16/12/01,16/12/01
"충청북도","단양군","운반급수",16/12/14,16/12/22
"경기도","가평군","운반급수",16/12/22,16/12/22
"인천광역시","중구","운반급수",16/12/22,16/12/23
"전라남도","고흥군","제한급수",17/01/01,17/12/31
"인천광역시","옹진군","운반급수",17/01/01,17/07/24
"경기도","가평군","운반급수",17/01/02,17/05/30
"충청북도","충주시","운반급수",17/01/02,17/01/02
"경기도","광주시","운반급수",17/01/03,17/06/26
"경기도","광주시","운반급수",17/01/03,17/07/02
"충청북도","충주시","운반급수",17/01/04,17/01/04
"충청북도","충주시","운반급수",17/01/13,17/01/13
"인천광역시","중구","운반급수",17/01/14,17/01/14
"충청북도","충주시","운반급수",17/01/16,17/01/26
"경기도","가평군","운반급수",17/01/23,17/05/29
"강원도","횡성군","운반급수",17/01/23,17/05/08
"경기도","가평군","운반급수",17/01/25,17/02/02
"경기도","가평군","운반급수",17/01/26,17/01/26
"경기도","가평군","운반급수",17/01/26,17/05/30
"충청북도","충주시","운반급수",17/01/26,17/01/26
"경기도","가평군","운반급수",17/01/27,17/01/27
"충청북도","충주시","운반급수",17/01/27,17/01/27
"충청남도","홍성군","제한급수",17/01/27,17/02/15
"경기도","가평군","운반급수",17/01/28,17/01/28
"충청북도","충주시","운반급수",17/01/28,17/01/28
"경기도","가평군","운반급수",17/02/03,17/02/03
"충청북도","충주시","운반급수",17/02/11,17/02/11
"강원도","원주시","운반급수",17/02/20,17/03/10
"경기도","가평군","운반급수",17/03/07,17/03/24
"인천광역시","옹진군","운반급수",17/03/16,17/07/24
"충청북도","충주시","운반급수",17/03/16,17/03/16
"강원도","춘천시","운반급수",17/03/20,17/06/27
"경기도","가평군","운반급수",17/03/21,17/05/30
"인천광역시","옹진군","운반급수",17/03/23,17/07/24
"충청남도","부여군","운반급수",17/03/28,17/03/28
"충청북도","충주시","운반급수",17/03/31,17/03/31
"충청남도","태안군","운반급수",17/04/01,17/07/10
"경기도","광주시","운반급수",17/04/03,17/06/19
"인천광역시","옹진군","운반급수",17/04/07,17/07/24
"경상북도","의성군","운반급수",17/04/12,17/04/12
"충청남도","홍성군","제한급수",17/04/12,17/05/11
"충청북도","충주시","운반급수",17/04/13,17/04/13
"경기도","가평군","운반급수",17/04/20,17/04/20
"경기도","광주시","운반급수",17/04/20,17/06/30
"충청북도","충주시","운반급수",17/04/21,17/04/21
"충청북도","충주시","운반급수",17/04/24,17/04/24
"세종특별자치시","세종시","운반급수",17/04/26,17/04/26
"충청북도","충주시","운반급수",17/04/26,17/04/26
"경기도","안성시","운반급수",17/05/01,17/07/24
"충청북도","충주시","운반급수",17/05/02,17/05/02
"충청북도","충주시","운반급수",17/05/04,17/05/04
"경기도","가평군","운반급수",17/05/05,17/05/05
"충청북도","충주시","운반급수",17/05/06,17/05/06
"전라남도","보성군","운반급수",17/05/07,17/06/06
"강원도","원주시","운반급수",17/05/08,17/05/20
"인천광역시","옹진군","운반급수",17/05/12,17/07/24
"충청남도","홍성군","제한급수",17/05/13,17/06/30
"경기도","안성시","운반급수",17/05/15,17/07/11
"경기도","가평군","운반급수",17/05/17,17/05/17
"충청북도","제천시","운반급수",17/05/18,17/05/22
"강원도","삼척시","운반급수",17/05/19,17/05/19
"경기도","광주시","운반급수",17/05/20,17/07/02
"전라남도","보성군","제한급수",17/05/20,17/06/11
"전라남도","보성군","제한급수",17/05/20,17/06/15
"강원도","삼척시","운반급수",17/05/20,17/05/24
"충청남도","홍성군","제한급수",17/05/20,17/06/20
"강원도","삼척시","운반급수",17/05/21,17/06/25
"전라남도","보성군","제한급수",17/05/22,17/05/22
"충청북도","충주시","운반급수",17/05/22,17/05/22
"강원도","홍천군","운반급수",17/05/22,17/06/20
"경기도","광주시","운반급수",17/05/23,17/06/25
"충청북도","괴산군","제한급수",17/05/23,17/05/24
"충청북도","단양군","운반급수",17/05/23,17/07/03
"강원도","춘천시","운반급수",17/05/23,17/06/25
"강원도","고성군","제한급수",17/05/24,17/06/30
"충청북도","충주시","운반급수",17/05/24,17/05/24
"충청북도","단양군","운반급수",17/05/25,17/07/03
"강원도","삼척시","운반급수",17/05/25,17/06/01
"인천광역시","서구","운반급수",17/05/25,17/07/31
"경기도","안성시","운반급수",17/05/25,17/05/25
"충청북도","보은군","운반급수",17/05/26,17/05/31
"경기도","양평군","제한급수",17/05/26,17/06/16
"경기도","광주시","운반급수",17/05/28,17/06/30
"전라남도","보성군","제한급수",17/05/29,17/06/30
"경상남도","산청군","운반급수",17/05/29,17/06/05
"충청북도","영동군","운반급수",17/05/29,17/07/03
"충청북도","충주시","운반급수",17/05/29,17/05/29
"강원도","횡성군","운반급수",17/05/29,17/06/28
"경기도","가평군","운반급수",17/05/30,17/05/30
"전라남도","보성군","제한급수",17/05/30,17/06/19
"경기도","양평군","제한급수",17/05/30,17/06/20
"경기도","양평군","제한급수",17/05/30,17/06/27
"경기도","양평군","제한급수",17/05/30,17/07/10
"경기도","여주시","운반급수",17/05/30,18/06/30
"강원도","영월군","운반급수",17/05/30,17/07/01
"충청북도","충주시","운반급수",17/05/30,17/05/30
"경기도","하남시","운반급수",17/05/30,17/05/30
"경기도","화성시","운반급수",17/05/30,17/05/30
"강원도","화천군","운반급수",17/05/30,17/06/27
"전라남도","고흥군","제한급수",17/05/31,17/06/06
"경기도","광주시","운반급수",17/05/31,17/06/10
"경기도","안성시","제한급수",17/05/31,17/07/24
"강원도","영월군","운반급수",17/05/31,17/05/31
"강원도","영월군","운반급수",17/05/31,17/06/01
"인천광역시","옹진군","운반급수",17/05/31,17/07/24
"경상북도","의성군","운반급수",17/05/31,17/06/15
"충청북도","충주시","운반급수",17/05/31,17/05/31
"강원도","화천군","운반급수",17/05/31,17/07/01
"충청남도","부여군","운반급수",17/06/01,17/07/04
"경기도","안성시","운반급수",17/06/01,17/06/20
"강원도","양구군","제한급수",17/06/01,17/06/01
"강원도","영월군","운반급수",17/06/01,17/06/26
"인천광역시","옹진군","운반급수",17/06/01,17/07/24
"충청남도","홍성군","제한급수",17/06/01,17/06/30
"강원도","홍천군","운반급수",17/06/01,17/06/01
"강원도","화천군","운반급수",17/06/01,17/07/02
"충청남도","공주시","제한급수",17/06/02,17/06/02
"충청남도","보령시","제한급수",17/06/02,17/07/10
"전라남도","보성군","제한급수",17/06/02,17/06/21
"세종특별자치시","세종시","운반급수",17/06/02,17/06/02
"경기도","여주시","운반급수",17/06/02,17/07/24
"인천광역시","옹진군","운반급수",17/06/02,17/07/24
"경상북도","의성군","운반급수",17/06/02,17/06/30
"강원도","춘천시","운반급수",17/06/02,17/07/03
"경기도","화성시","운반급수",17/06/02,17/09/07
"강원도","화천군","운반급수",17/06/02,17/06/26
"경기도","용인시처인구","운반급수",17/06/03,17/06/20
"충청남도","공주시","제한급수",17/06/04,17/07/24
"충청북도","괴산군","제한급수",17/06/04,17/06/08
"충청북도","괴산군","제한급수",17/06/04,17/07/03
"전라남도","고흥군","제한급수",17/06/05,17/06/09
"충청북도","괴산군","제한급수",17/06/05,17/07/03
"전라남도","보성군","제한급수",17/06/05,17/06/20
"경기도","용인시수지구","운반급수",17/06/05,17/06/05
"강원도","인제군","운반급수",17/06/05,17/07/03
"전라남도","장흥군","운반급수",17/06/05,17/06/29
"경기도","화성시","운반급수",17/06/05,17/06/05
"경기도","화성시","운반급수",17/06/05,17/06/07
"경기도","화성시","운반급수",17/06/05,17/08/21
"강원도","화천군","운반급수",17/06/05,17/06/14
"충청북도","단양군","운반급수",17/06/06,17/07/03
"경상북도","상주시","운반급수",17/06/06,17/06/06
"충청북도","충주시","운반급수",17/06/07,17/06/07
"충청북도","단양군","운반급수",17/06/08,17/07/03
"세종특별자치시","세종시","운반급수",17/06/08,17/06/08
"경기도","용인시처인구","운반급수",17/06/08,17/06/22
"경기도","이천시","운반급수",17/06/08,17/06/08
"경기도","이천시","운반급수",17/06/08,17/06/21
"강원도","홍천군","운반급수",17/06/08,17/06/23
"경기도","화성시","운반급수",17/06/08,17/08/12
"충청남도","부여군","운반급수",17/06/09,17/07/10
"경상남도","양산시","운반급수",17/06/09,17/06/22
"인천광역시","옹진군","운반급수",17/06/09,17/07/24
"경기도","용인시처인구","운반급수",17/06/09,17/06/21
"충청북도","충주시","운반급수",17/06/09,17/06/09
"전라남도","신안군","제한급수",17/06/10,17/12/31
"경기도","양평군","제한급수",17/06/10,17/06/27
"경기도","양평군","제한급수",17/06/10,17/07/05
"충청남도","보령시","제한급수",17/06/12,17/07/10
"경기도","용인시처인구","운반급수",17/06/12,17/06/12
"경상북도","청송군","운반급수",17/06/12,17/06/30
"강원도","화천군","운반급수",17/06/12,17/06/12
"강원도","횡성군","운반급수",17/06/12,17/06/29
"충청북도","괴산군","제한급수",17/06/13,17/07/03
"세종특별자치시","세종시","운반급수",17/06/13,17/06/13
"강원도","영월군","운반급수",17/06/13,17/06/26
"경상북도","영천시","운반급수",17/06/13,17/06/19
"충청북도","충주시","운반급수",17/06/13,17/06/13
"경상남도","합천군","제한급수",17/06/13,17/06/13
"전라북도","군산시","운반급수",17/06/14,17/06/14
"경기도","이천시","운반급수",17/06/14,17/06/19
"충청북도","충주시","운반급수",17/06/14,17/06/14
"경기도","용인시처인구","운반급수",17/06/15,17/06/15
"전라북도","임실군","운반급수",17/06/15,17/07/21
"충청북도","충주시","운반급수",17/06/15,17/06/16
"전라남도","보성군","제한급수",17/06/16,17/07/02
"충청남도","서산시","운반급수",17/06/16,17/06/16
"인천광역시","옹진군","운반급수",17/06/16,17/07/24
"충청북도","충주시","운반급수",17/06/16,17/06/16
"충청북도","단양군","운반급수",17/06/17,17/07/03
"세종특별자치시","세종시","운반급수",17/06/17,17/06/17
"경상북도","영천시","운반급수",17/06/17,17/06/21
"경상남도","합천군","제한급수",17/06/17,17/06/17
"경기도","화성시","운반급수",17/06/17,17/06/17
"경기도","광주시","운반급수",17/06/18,17/07/01
"전라남도","보성군","제한급수",17/06/18,17/07/10
"강원도","영월군","운반급수",17/06/18,17/07/01
"충청북도","괴산군","제한급수",17/06/19,17/07/03
"충청북도","단양군","운반급수",17/06/19,17/07/03
"경상북도","상주시","운반급수",17/06/19,17/06/19
"경상북도","안동시","운반급수",17/06/19,17/06/19
"경상북도","안동시","운반급수",17/06/19,17/06/23
"경상북도","안동시","운반급수",17/06/19,17/06/25
"경기도","양평군","제한급수",17/06/19,17/06/27
"강원도","영월군","운반급수",17/06/19,17/06/24
"강원도","영월군","운반급수",17/06/19,17/07/01
"강원도","인제군","운반급수",17/06/19,17/07/03
"충청북도","충주시","운반급수",17/06/19,17/06/19
"강원도","화천군","운반급수",17/06/19,17/06/19
"강원도","횡성군","운반급수",17/06/19,17/06/22
"충청남도","공주시","제한급수",17/06/20,17/06/20
"인천광역시","옹진군","운반급수",17/06/20,17/07/24
"경기도","용인시처인구","운반급수",17/06/20,17/07/04
"충청북도","충주시","운반급수",17/06/20,17/06/20
"강원도","화천군","운반급수",17/06/20,17/07/02
"충청북도","단양군","운반급수",17/06/21,17/07/03
"충청남도","보령시","제한급수",17/06/21,17/07/10
"충청남도","부여군","운반급수",17/06/21,17/07/10
"광주광역시","북구","운반급수",17/06/21,17/06/21
"경기도","양평군","제한급수",17/06/21,17/06/27
"강원도","영월군","운반급수",17/06/21,17/07/01
"충청북도","옥천군","운반급수",17/06/21,17/07/03
"경기도","이천시","운반급수",17/06/21,17/06/21
"강원도","인제군","운반급수",17/06/21,17/06/27
"충청북도","충주시","운반급수",17/06/21,17/06/21
"충청북도","단양군","운반급수",17/06/22,17/07/03
"충청남도","보령시","제한급수",17/06/22,17/07/10
"충청남도","부여군","운반급수",17/06/22,17/07/10
"충청남도","서산시","운반급수",17/06/22,17/06/22
"강원도","영월군","운반급수",17/06/22,17/07/01
"경상북도","영천시","운반급수",17/06/22,17/06/26
"충청북도","충주시","운반급수",17/06/22,17/06/22
"충청북도","충주시","운반급수",17/06/22,17/06/23
"경기도","화성시","운반급수",17/06/22,17/07/22
"강원도","화천군","운반급수",17/06/22,17/07/02
"충청남도","공주시","제한급수",17/06/23,17/06/23
"충청남도","서산시","운반급수",17/06/23,17/06/23
"경상북도","안동시","운반급수",17/06/23,17/06/23
"강원도","양구군","제한급수",17/06/23,17/06/23
"인천광역시","옹진군","운반급수",17/06/23,17/07/24
"전라북도","완주군","운반급수",17/06/23,17/06/23
"강원도","춘천시","운반급수",17/06/23,17/07/01
"충청북도","충주시","운반급수",17/06/23,17/06/23
"강원도","화천군","운반급수",17/06/23,17/07/03
"경기도","광주시","운반급수",17/06/24,17/07/01
"충청북도","괴산군","제한급수",17/06/24,17/07/03
"충청북도","단양군","운반급수",17/06/24,17/07/03
"경상북도","안동시","운반급수",17/06/24,17/06/24
"강원도","영월군","운반급수",17/06/24,17/07/01
"경상북도","영천시","운반급수",17/06/24,17/06/27
"강원도","태백시","운반급수",17/06/24,17/06/24
"경상북도","안동시","운반급수",17/06/25,17/06/25
"강원도","영월군","운반급수",17/06/25,17/07/01
"경기도","용인시처인구","운반급수",17/06/25,17/06/25
"강원도","화천군","운반급수",17/06/25,17/07/02
"강원도","강릉시","운반급수",17/06/26,17/06/27
"충청남도","공주시","제한급수",17/06/26,17/06/26
"경기도","광주시","운반급수",17/06/26,17/06/26
"충청남도","부여군","운반급수",17/06/26,17/07/10
"세종특별자치시","세종시","운반급수",17/06/26,17/06/26
"충청북도","충주시","운반급수",17/06/26,17/06/26
"충청남도","홍성군","운반급수",17/06/26,17/06/26
"강원도","홍천군","운반급수",17/06/26,17/06/26
"충청남도","보령시","제한급수",17/06/27,17/07/10
"경상북도","청송군","운반급수",17/06/27,17/07/04
"충청북도","충주시","운반급수",17/06/27,17/06/27
"충청남도","부여군","운반급수",17/06/28,17/07/04
"충청남도","부여군","운반급수",17/06/28,17/07/10
"충청남도","홍성군","운반급수",17/06/28,17/06/28
"충청남도","홍성군","제한급수",17/06/28,17/07/20
"강원도","홍천군","운반급수",17/06/28,17/06/28
"충청북도","단양군","운반급수",17/06/29,17/07/03
"강원도","화천군","운반급수",17/06/29,17/06/29
"충청북도","충주시","운반급수",17/06/30,17/06/30
"강원도","화천군","운반급수",17/06/30,17/06/30
"인천광역시","옹진군","운반급수",17/07/01,17/07/24
"충청북도","충주시","운반급수",17/07/02,17/07/02
"충청남도","부여군","운반급수",17/07/03,17/07/06
"충청남도","부여군","운반급수",17/07/03,17/07/10
"충청북도","충주시","운반급수",17/07/03,17/07/03
"충청남도","부여군","운반급수",17/07/04,17/07/10
"충청남도","홍성군","운반급수",17/07/05,17/07/12
"충청남도","부여군","운반급수",17/07/06,17/07/10
"인천광역시","옹진군","운반급수",17/07/06,17/07/24
"충청북도","충주시","운반급수",17/07/06,17/07/12
"충청남도","부여군","운반급수",17/07/07,17/07/10
"전라남도","보성군","제한급수",17/07/10,17/07/10
"전라남도","신안군","제한급수",17/07/10,17/07/14
"전라남도","보성군","제한급수",17/07/11,17/07/11
"충청남도","홍성군","운반급수",17/07/12,17/07/12
"전라남도","완도군","제한급수",17/07/13,18/05/13
"울산광역시","북구","운반급수",17/07/17,17/07/19
"경기도","용인시처인구","운반급수",17/07/20,17/07/20
"충청북도","충주시","운반급수",17/07/20,17/07/20
"울산광역시","울주군","운반급수",17/07/21,17/07/23
"전라남도","목포시","운반급수",17/07/31,17/07/31
"충청북도","충주시","운반급수",17/07/31,17/07/31
"전라남도","완도군","제한급수",17/08/07,18/03/20
"전라남도","신안군","제한급수",17/08/15,17/12/31
"충청북도","충주시","운반급수",17/10/10,17/10/26
"충청북도","충주시","운반급수",17/11/20,17/11/20
"충청북도","충주시","운반급수",17/11/21,17/11/21
"충청북도","충주시","운반급수",17/11/23,17/11/23
"충청북도","충주시","운반급수",17/12/01,17/12/01
"충청북도","충주시","운반급수",17/12/07,17/12/07
"충청북도","충주시","운반급수",17/12/15,17/12/18
"충청북도","충주시","운반급수",17/12/20,17/12/20
"충청북도","충주시","운반급수",17/12/21,17/12/21
"충청북도","충주시","운반급수",17/12/22,17/12/22
"충청북도","충주시","운반급수",17/12/26,17/12/28
"경기도","가평군","운반급수",18/01/01,18/01/31
"경기도","가평군","운반급수",18/01/01,18/02/02
"경기도","가평군","운반급수",18/01/01,18/08/31
"충청남도","부여군","운반급수",18/01/01,18/05/08
"강원도","삼척시","운반급수",18/01/01,18/01/01
"전라남도","신안군","제한급수",18/01/01,18/04/08
"전라남도","신안군","제한급수",18/01/01,18/04/23
"인천광역시","옹진군","운반급수",18/01/01,18/01/01
"강원도","원주시","운반급수",18/01/01,18/01/15
"강원도","정선군","운반급수",18/01/01,18/01/01
"강원도","홍천군","운반급수",18/01/02,18/01/13
"강원도","횡성군","운반급수",18/01/02,18/01/16
"강원도","횡성군","운반급수",18/01/02,18/02/21
"경기도","광주시","운반급수",18/01/03,18/03/02
"울산광역시","북구","운반급수",18/01/03,18/02/02
"강원도","삼척시","운반급수",18/01/03,18/01/03
"충청북도","충주시","운반급수",18/01/03,18/01/12
"경상남도","양산시","운반급수",18/01/04,18/01/04
"경상남도","양산시","제한급수",18/01/04,18/01/04
"충청북도","충주시","운반급수",18/01/04,18/01/04
"강원도","횡성군","운반급수",18/01/04,18/01/05
"충청남도","부여군","운반급수",18/01/05,18/01/05
"강원도","삼척시","운반급수",18/01/05,18/01/05
"전라북도","완주군","운반급수",18/01/05,18/05/23
"경기도","가평군","운반급수",18/01/08,18/01/17
"전라북도","완주군","운반급수",18/01/09,18/01/18
"강원도","태백시","운반급수",18/01/10,18/01/10
"강원도","화천군","운반급수",18/01/10,18/01/10
"강원도","삼척시","운반급수",18/01/11,18/01/11
"강원도","삼척시","운반급수",18/01/12,18/01/12
"강원도","인제군","운반급수",18/01/12,18/01/13
"강원도","동해시","운반급수",18/01/13,18/01/19
"충청남도","부여군","운반급수",18/01/13,18/01/13
"충청남도","부여군","운반급수",18/01/13,18/12/28
"강원도","삼척시","운반급수",18/01/13,18/01/13
"충청북도","충주시","운반급수",18/01/13,18/01/13
"강원도","화천군","운반급수",18/01/13,18/01/13
"강원도","횡성군","운반급수",18/01/13,18/01/14
"강원도","삼척시","운반급수",18/01/14,18/01/14
"전라북도","완주군","운반급수",18/01/15,18/03/07
"강원도","정선군","운반급수",18/01/15,18/01/15
"경기도","광주시","운반급수",18/01/16,18/02/26
"경상남도","양산시","제한급수",18/01/16,18/01/16
"충청북도","충주시","운반급수",18/01/17,18/01/30
"강원도","삼척시","운반급수",18/01/18,18/01/18
"강원도","원주시","운반급수",18/01/19,18/01/19
"충청북도","충주시","운반급수",18/01/19,18/01/19
"강원도","정선군","운반급수",18/01/23,18/01/23
"경기도","용인시처인구","운반급수",18/01/24,18/01/24
"충청북도","충주시","운반급수",18/01/24,18/02/02
"강원도","태백시","운반급수",18/01/24,18/01/29
"강원도","동해시","운반급수",18/01/26,18/01/26
"전라북도","완주군","운반급수",18/01/27,18/01/29
"강원도","원주시","운반급수",18/01/27,18/01/27
"충청북도","충주시","운반급수",18/01/27,18/01/27
"강원도","화천군","운반급수",18/01/27,18/01/27
"강원도","정선군","운반급수",18/01/28,18/01/28
"경기도","가평군","운반급수",18/01/29,18/02/02
"경기도","가평군","운반급수",18/01/29,18/02/04
"인천광역시","강화군","운반급수",18/01/29,18/01/29
"경기도","광주시","운반급수",18/01/29,18/02/12
"인천광역시","옹진군","운반급수",18/01/29,18/01/29
"전라북도","완주군","운반급수",18/01/29,18/01/29
"전라북도","완주군","운반급수",18/01/29,18/04/19
"강원도","원주시","운반급수",18/01/29,18/01/29
"강원도","횡성군","운반급수",18/01/29,18/02/01
"강원도","횡성군","운반급수",18/01/29,18/02/20
"강원도","삼척시","운반급수",18/01/30,18/01/30
"강원도","양구군","제한급수",18/01/30,18/01/30
"인천광역시","옹진군","운반급수",18/01/30,18/01/30
"강원도","인제군","운반급수",18/01/30,18/01/30
"강원도","정선군","운반급수",18/01/30,18/01/30
"충청북도","충주시","운반급수",18/01/30,18/01/30
"강원도","삼척시","운반급수",18/01/31,18/01/31
"전라북도","완주군","운반급수",18/01/31,18/01/31
"경기도","가평군","운반급수",18/02/01,18/02/28
"경기도","가평군","운반급수",18/02/01,18/03/31
"경기도","가평군","운반급수",18/02/01,18/06/30
"경기도","가평군","운반급수",18/02/01,18/08/31
"경기도","가평군","운반급수",18/02/01,18/12/31
"강원도","정선군","운반급수",18/02/01,18/02/01
"충청북도","충주시","운반급수",18/02/03,18/02/03
"전라북도","완주군","운반급수",18/02/05,18/02/19
"경기도","용인시처인구","운반급수",18/02/05,18/02/06
"강원도","속초시","제한급수",18/02/06,18/03/05
"전라북도","완주군","운반급수",18/02/06,18/06/22
"충청북도","충주시","운반급수",18/02/06,18/02/06
"강원도","횡성군","운반급수",18/02/06,18/02/07
"전라북도","완주군","운반급수",18/02/07,18/02/07
"충청북도","충주시","운반급수",18/02/07,18/02/07
"충청북도","충주시","운반급수",18/02/08,18/02/08
"경상북도","상주시","운반급수",18/02/09,18/02/09
"전라북도","완주군","운반급수",18/02/09,18/02/09
"충청북도","충주시","운반급수",18/02/10,18/02/10
"경상북도","안동시","운반급수",18/02/12,18/02/20
"충청북도","충주시","운반급수",18/02/12,18/02/12
"경기도","광주시","운반급수",18/02/14,18/12/31
"충청북도","충주시","운반급수",18/02/14,18/02/14
"충청북도","충주시","운반급수",18/02/15,18/02/15
"강원도","횡성군","운반급수",18/02/15,18/02/15
"충청북도","충주시","운반급수",18/02/17,18/02/17
"충청북도","충주시","운반급수",18/02/17,18/02/22
"충청남도","천안시동남구","운반급수",18/02/19,18/02/20
"충청북도","충주시","운반급수",18/02/19,18/02/19
"경상북도","안동시","운반급수",18/02/28,18/03/05
"경기도","가평군","운반급수",18/03/01,18/03/31
"전라남도","완도군","제한급수",18/03/05,18/03/11
"전라남도","완도군","제한급수",18/03/05,18/03/22
"강원도","태백시","운반급수",18/03/09,18/03/09
"강원도","태백시","운반급수",18/03/12,18/05/13
"충청북도","충주시","운반급수",18/03/21,18/08/22
"충청북도","충주시","운반급수",18/03/22,18/03/22
"강원도","태백시","운반급수",18/03/23,18/04/03
"강원도","태백시","운반급수",18/04/03,18/04/03
"강원도","태백시","운반급수",18/04/11,18/05/04
"경기도","용인시처인구","운반급수",18/04/12,18/04/12
"전라북도","완주군","운반급수",18/05/11,19/08/09
"경기도","가평군","운반급수",18/06/01,18/06/30
"경기도","가평군","운반급수",18/06/01,18/08/31
"충청북도","충주시","운반급수",18/06/03,18/06/03
"충청북도","충주시","운반급수",18/06/21,18/06/21
"경상북도","의성군","운반급수",18/06/30,18/06/30
"경기도","가평군","운반급수",18/07/01,18/07/31
"충청북도","충주시","운반급수",18/07/01,18/07/01
"경상북도","의성군","운반급수",18/07/02,18/07/02
"경상북도","의성군","운반급수",18/07/05,18/07/05
"충청북도","충주시","운반급수",18/07/22,18/07/22
"충청남도","천안시동남구","운반급수",18/07/23,18/08/30
"경상북도","의성군","운반급수",18/07/25,18/07/25
"경상북도","안동시","운반급수",18/07/31,18/07/31
"충청북도","충주시","운반급수",18/07/31,18/07/31
"경기도","가평군","운반급수",18/08/01,18/08/31
"경기도","가평군","운반급수",18/08/01,18/12/31
"전라북도","완주군","운반급수",18/08/01,18/08/21
"경상북도","안동시","운반급수",18/08/02,18/08/02
"충청북도","충주시","운반급수",18/08/02,18/08/02
"강원도","횡성군","운반급수",18/08/02,18/08/03
"강원도","횡성군","운반급수",18/08/02,18/08/06
"충청북도","괴산군","운반급수",18/08/03,18/08/03
"충청북도","괴산군","운반급수",18/08/03,18/08/07
"전라북도","완주군","운반급수",18/08/03,18/08/21
"강원도","횡성군","운반급수",18/08/03,18/08/09
"강원도","횡성군","운반급수",18/08/03,18/08/21
"경상북도","의성군","운반급수",18/08/05,18/08/08
"충청북도","충주시","운반급수",18/08/05,18/08/05
"경기도","광주시","운반급수",18/08/06,18/12/31
"경기도","용인시처인구","운반급수",18/08/06,18/08/06
"충청남도","천안시동남구","운반급수",18/08/06,18/08/11
"충청북도","충주시","운반급수",18/08/06,18/08/06
"경상북도","봉화군","운반급수",18/08/07,18/08/09
"충청북도","충주시","운반급수",18/08/07,18/08/27
"경상북도","봉화군","운반급수",18/08/08,18/08/09
"전라북도","완주군","운반급수",18/08/08,18/08/08
"충청북도","괴산군","운반급수",18/08/09,18/08/10
"경상북도","봉화군","운반급수",18/08/09,18/08/09
"경상북도","의성군","운반급수",18/08/10,18/08/20
"충청남도","천안시동남구","운반급수",18/08/11,18/09/20
"충청북도","옥천군","운반급수",18/08/12,18/11/30
"전라북도","완주군","운반급수",18/08/12,18/08/12
"경기도","용인시처인구","운반급수",18/08/13,18/08/13
"경상북도","상주시","운반급수",18/08/14,18/08/14
"경기도","용인시수지구","운반급수",18/08/14,18/08/14
"충청남도","천안시동남구","운반급수",18/08/15,18/08/15
"전라북도","완주군","운반급수",18/08/17,18/08/28
"충청북도","충주시","운반급수",18/08/18,18/08/27
"충청북도","충주시","운반급수",18/08/20,18/08/20
"경기도","광주시","운반급수",18/08/22,18/08/22
"경상북도","의성군","운반급수",18/08/22,18/08/22
"충청북도","충주시","운반급수",18/08/22,18/08/22
"충청북도","충주시","운반급수",18/08/25,18/08/27
"경기도","가평군","운반급수",18/09/01,18/09/30
"경상북도","안동시","운반급수",18/09/23,18/09/23
"전라북도","완주군","운반급수",18/09/28,18/09/28
"경기도","가평군","운반급수",18/10/01,18/11/30
"충청북도","충주시","운반급수",18/11/07,18/11/07
"경상북도","안동시","운반급수",18/11/11,18/11/11
"충청남도","천안시동남구","운반급수",18/11/12,18/11/12
"충청남도","천안시서북구","운반급수",18/11/18,18/11/19
"충청남도","천안시동남구","운반급수",18/11/23,18/11/23
"충청북도","충주시","운반급수",19/01/02,19/02/23
"전라남도","진도군","운반급수",19/01/05,19/01/23
"충청남도","서천군","운반급수",19/01/08,19/01/10
"충청남도","천안시동남구","운반급수",19/01/09,19/01/16
"강원도","횡성군","운반급수",19/01/10,19/03/04
"전라남도","여수시","제한운반",19/01/16,19/05/02
"강원도","평창군","운반급수",19/01/16,19/01/17
"강원도","태백시","운반급수",19/01/18,19/03/15
"전라북도","완주군","운반급수",19/01/20,19/01/20
"전라북도","완주군","운반급수",19/01/20,19/01/28
"경기도","광주시","운반급수",19/01/23,19/01/25
"충청북도","충주시","운반급수",19/01/28,19/03/26
"경기도","가평군","운반급수",19/01/29,19/03/26
"충청북도","제천시","운반급수",19/01/31,19/01/31
"경기도","가평군","운반급수",19/02/01,19/03/13
"전라북도","완주군","운반급수",19/02/01,19/02/01
"충청북도","제천시","운반급수",19/02/01,19/02/01
"충청남도","천안시서북구","운반급수",19/02/01,19/02/28
"충청남도","서천군","운반급수",19/02/02,19/02/02
"충청남도","서천군","운반급수",19/02/02,19/02/03
"경기도","가평군","운반급수",19/02/04,19/02/07
"전라북도","완주군","운반급수",19/02/04,19/02/04
"충청남도","부여군","운반급수",19/02/05,19/02/05
"충청북도","제천시","운반급수",19/02/07,19/02/07
"충청북도","제천시","운반급수",19/02/07,19/09/04
"강원도","태백시","운반급수",19/02/11,19/03/05
"충청남도","천안시서북구","운반급수",19/02/13,19/04/10
"충청북도","충주시","운반급수",19/02/18,19/02/23
"전라북도","군산시","운반급수",19/02/25,19/02/25
"인천광역시","옹진군","제한운반",19/02/25,19/07/09
"경기도","가평군","운반급수",19/02/27,19/11/11
"충청남도","서천군","운반급수",19/03/02,19/03/02
"강원도","태백시","운반급수",19/03/05,19/03/05
"충청남도","천안시동남구","운반급수",19/03/06,19/03/06
"충청북도","충주시","운반급수",19/03/07,19/03/07
"경기도","가평군","운반급수",19/03/18,19/07/09
"충청북도","충주시","운반급수",19/03/23,19/03/23
"전라북도","무주군","운반급수",19/03/27,19/03/27
"충청북도","제천시","운반급수",19/03/27,19/03/27
"전라북도","전주시완산구","운반급수",19/03/28,19/03/28
"경기도","가평군","운반급수",19/03/31,19/04/01
"전라북도","완주군","운반급수",19/04/01,19/04/01
"전라북도","전주시완산구","운반급수",19/04/01,19/04/01
"충청남도","천안시서북구","운반급수",19/04/01,19/04/24
"충청북도","충주시","운반급수",19/04/01,19/04/01
"전라북도","전주시완산구","운반급수",19/04/02,19/04/02
"충청남도","천안시서북구","운반급수",19/04/02,19/04/02
"경상북도","의성군","운반급수",19/04/03,19/04/03
"충청북도","충주시","운반급수",19/04/04,19/04/04
"전라북도","완주군","운반급수",19/04/09,19/04/09
"전라북도","완주군","운반급수",19/04/09,19/04/10
"전라북도","완주군","운반급수",19/04/09,19/04/11
"전라북도","완주군","운반급수",19/04/10,19/04/10
"강원도","인제군","운반급수",19/04/10,19/04/10
"경기도","가평군","운반급수",19/04/12,19/04/12
"전라북도","무주군","운반급수",19/04/12,19/04/12
"경상북도","의성군","운반급수",19/04/18,19/04/18
"경기도","가평군","운반급수",19/04/20,19/04/27
"전라북도","완주군","운반급수",19/04/22,19/04/22
"강원도","평창군","운반급수",19/04/22,19/04/23
"전라남도","여수시","제한운반",19/05/01,19/05/19
"인천광역시","중구","운반급수",19/05/01,19/12/31
"강원도","횡성군","운반급수",19/05/03,19/05/03
"강원도","횡성군","운반급수",19/05/10,19/07/01
"충청북도","충주시","운반급수",19/05/13,19/05/13
"경기도","가평군","운반급수",19/05/14,19/10/25
"전라북도","전주시완산구","운반급수",19/05/16,19/05/16
"경기도","가평군","운반급수",19/05/17,19/07/25
"충청북도","충주시","운반급수",19/05/17,19/05/17
"전라북도","전주시완산구","운반급수",19/05/21,19/05/21
"경기도","광주시","운반급수",19/05/22,19/07/25
"충청남도","천안시동남구","운반급수",19/05/22,19/05/27
"경기도","광주시","운반급수",19/05/23,19/05/24
"경기도","오산시","운반급수",19/05/24,19/05/24
"전라북도","전주시완산구","운반급수",19/05/24,19/05/24
"충청북도","충주시","운반급수",19/05/25,19/05/25
"경기도","가평군","운반급수",19/05/26,19/07/06
"경상북도","의성군","운반급수",19/05/29,19/05/29
"충청남도","천안시동남구","운반급수",19/06/01,19/06/10
"충청남도","천안시서북구","운반급수",19/06/01,19/06/30
"강원도","화천군","운반급수",19/06/01,19/06/02
"강원도","화천군","운반급수",19/06/03,19/06/07
"경기도","가평군","운반급수",19/06/04,19/06/27
"강원도","인제군","운반급수",19/06/04,19/06/04
"강원도","인제군","운반급수",19/06/04,19/06/06
"충청북도","충주시","운반급수",19/06/04,19/06/04
"충청북도","제천시","운반급수",19/06/13,19/07/09
"강원도","횡성군","운반급수",19/06/14,19/06/14
"경상북도","의성군","운반급수",19/06/16,19/06/16
"충청북도","제천시","운반급수",19/06/18,19/06/18
"충청북도","충주시","운반급수",19/06/20,19/07/20
"충청북도","제천시","운반급수",19/06/21,19/10/01
"경기도","포천시","운반급수",19/06/25,20/01/15
"충청남도","천안시서북구","운반급수",19/06/26,19/06/30
"충청남도","천안시동남구","운반급수",19/06/28,19/06/30
"충청북도","충주시","운반급수",19/06/28,19/07/03
"충청북도","충주시","운반급수",19/06/28,19/08/16
"경기도","가평군","운반급수",19/07/01,19/11/11
"인천광역시","중구","운반급수",19/07/01,19/08/31
"충청남도","천안시동남구","운반급수",19/07/01,19/07/02
"충청남도","천안시동남구","운반급수",19/07/01,19/07/13
"충청남도","천안시동남구","운반급수",19/07/01,19/07/31
"충청남도","천안시서북구","운반급수",19/07/01,19/07/31
"충청북도","충주시","운반급수",19/07/01,19/07/04
"강원도","춘천시","운반급수",19/07/02,19/07/02
"강원도","춘천시","운반급수",19/07/02,19/07/10
"강원도","화천군","운반급수",19/07/02,19/07/12
"강원도","화천군","운반급수",19/07/02,19/07/15
"경기도","광주시","운반급수",19/07/03,19/07/03
"강원도","인제군","운반급수",19/07/03,19/07/10
"충청북도","제천시","운반급수",19/07/03,19/07/03
"충청북도","제천시","운반급수",19/07/03,19/07/09
"강원도","춘천시","운반급수",19/07/03,19/07/05
"강원도","춘천시","운반급수",19/07/03,19/07/10
"강원도","춘천시","운반급수",19/07/03,20/04/09
"강원도","화천군","운반급수",19/07/03,19/07/10
"강원도","횡성군","운반급수",19/07/03,19/07/08
"경기도","가평군","운반급수",19/07/04,19/07/06
"경기도","가평군","운반급수",19/07/04,19/07/19
"충청남도","천안시서북구","운반급수",19/07/04,19/07/31
"강원도","화천군","운반급수",19/07/05,19/07/08
"강원도","화천군","운반급수",19/07/05,19/07/15
"경기도","광주시","운반급수",19/07/06,19/07/18
"충청북도","제천시","운반급수",19/07/06,19/07/12
"강원도","춘천시","운반급수",19/07/06,19/07/06
"충청북도","충주시","운반급수",19/07/06,19/07/06
"강원도","화천군","운반급수",19/07/06,19/07/07
"강원도","화천군","운반급수",19/07/06,19/07/12
"강원도","화천군","운반급수",19/07/06,19/07/14
"강원도","횡성군","운반급수",19/07/06,19/07/07
"강원도","횡성군","운반급수",19/07/06,19/07/09
"경기도","가평군","운반급수",19/07/07,19/07/08
"경기도","광주시","운반급수",19/07/08,19/07/08
"경기도","광주시","운반급수",19/07/08,19/07/12
"강원도","원주시","운반급수",19/07/08,19/07/08
"충청남도","천안시동남구","운반급수",19/07/08,19/07/14
"강원도","춘천시","운반급수",19/07/08,19/07/18
"충청북도","충주시","운반급수",19/07/08,19/07/08
"인천광역시","강화군","운반급수",19/07/09,19/07/09
"강원도","화천군","운반급수",19/07/09,19/07/09
"강원도","원주시","운반급수",19/07/10,19/07/10
"강원도","춘천시","운반급수",19/07/10,19/07/10
"인천광역시","강화군","운반급수",19/07/15,19/07/15
"강원도","화천군","운반급수",19/07/16,20/07/16
"강원도","춘천시","운반급수",19/07/18,19/07/19
"인천광역시","옹진군","운반급수",19/07/22,19/07/25
"강원도","원주시","운반급수",19/07/23,19/07/23
"강원도","원주시","운반급수",19/07/29,19/07/29
"강원도","원주시","운반급수",19/07/30,19/07/30
"충청북도","충주시","운반급수",19/07/31,19/08/01
"충청남도","천안시동남구","운반급수",19/08/01,19/08/30
"충청남도","천안시서북구","운반급수",19/08/01,19/08/30
"전라남도","화순군","운반급수",19/08/02,19/08/02
"경상북도","의성군","운반급수",19/08/03,19/08/03
"충청남도","천안시서북구","운반급수",19/08/05,19/08/05
"충청북도","충주시","운반급수",19/08/05,19/08/06
"경상북도","의성군","운반급수",19/08/06,19/08/06
"강원도","평창군","운반급수",19/08/06,19/08/16
"경상북도","의성군","운반급수",19/08/07,19/08/07
"경상남도","밀양시","운반급수",19/08/09,19/08/09
"전라남도","보성군","운반급수",19/08/09,19/08/09
"강원도","원주시","운반급수",19/08/12,19/08/12
"전라남도","여수시","운반급수",19/08/14,19/08/21
"충청남도","부여군","운반급수",19/08/16,19/08/17
"강원도","원주시","운반급수",19/08/28,19/08/28
"충청남도","천안시동남구","운반급수",19/09/02,19/09/30
"강원도","원주시","운반급수",19/09/03,19/09/03
"전라북도","남원시","운반급수",19/09/05,19/09/05
"강원도","원주시","운반급수",19/09/09,19/09/09
"충청남도","부여군","운반급수",19/09/12,19/09/12
"경상남도","함양군","운반급수",19/09/12,19/09/12
"경기도","가평군","운반급수",19/09/13,19/10/22
"충청남도","천안시서북구","운반급수",19/10/10,19/10/11
"인천광역시","옹진군","운반급수",19/10/18,19/10/18
"강원도","원주시","운반급수",19/10/25,19/10/25
"경상남도","함양군","운반급수",19/10/30,19/10/30
"경기도","광주시","운반급수",19/11/04,19/12/17
"강원도","춘천시","운반급수",19/11/07,19/12/12
"충청북도","제천시","운반급수",19/11/08,19/11/08
"충청북도","제천시","운반급수",19/11/14,19/11/14
"강원도","원주시","운반급수",19/11/18,19/11/18
"경상북도","문경시","운반급수",19/11/20,19/11/20
"전라북도","남원시","운반급수",19/12/09,19/12/09
"강원도","원주시","운반급수",19/12/12,19/12/12
"강원도","춘천시","운반급수",19/12/20,19/12/21
"강원도","춘천시","운반급수",20/01/03,20/04/27
"강원도","홍천군","운반급수",20/01/13,20/01/13
"강원도","화천군","운반급수",20/01/14,20/01/14
"전라남도","여수시","제한운반",20/01/15,20/02/25
"전라남도","진도군","운반급수",20/01/20,20/01/20
"경기도","광주시","운반급수",20/02/03,20/02/12
"충청북도","충주시","운반급수",20/02/10,20/07/31
"충청북도","충주시","운반급수",20/02/11,20/04/24
"강원도","인제군","운반급수",20/02/13,20/02/13
"강원도","원주시","운반급수",20/02/24,20/02/24
"강원도","원주시","운반급수",20/02/27,20/02/27
"전라남도","화순군","운반급수",20/03/06,20/10/30
"강원도","춘천시","운반급수",20/03/11,20/03/16
"충청남도","부여군","운반급수",20/03/13,20/03/13
"충청북도","충주시","운반급수",20/03/19,20/03/20
"강원도","춘천시","운반급수",20/03/20,20/04/09
"강원도","원주시","운반급수",20/03/23,20/03/23
"충청북도","충주시","운반급수",20/03/26,20/04/17
"전라남도","여수시","운반급수",20/03/30,20/07/21
"강원도","홍천군","운반급수",20/03/31,20/12/18
"충청북도","충주시","운반급수",20/04/14,20/08/07
"전라남도","여수시","운반급수",20/04/22,20/04/22
"강원도","횡성군","제한운반",20/04/27,20/07/22
"충청북도","충주시","운반급수",20/04/28,20/04/28
"충청남도","부여군","운반급수",20/05/06,20/05/06
"강원도","화천군","운반급수",20/05/07,20/05/08
"강원도","춘천시","운반급수",20/05/13,20/06/16
"전라남도","목포시","운반급수",20/05/22,20/12/14
"강원도","원주시","운반급수",20/06/01,20/06/01
"경기도","광주시","운반급수",20/06/04,20/06/04
"경상북도","의성군","운반급수",20/06/06,20/06/06
"강원도","원주시","운반급수",20/06/10,20/06/11
"강원도","원주시","운반급수",20/06/10,20/06/16
"강원도","원주시","운반급수",20/06/11,20/06/11
"강원도","춘천시","운반급수",20/06/17,20/06/17
"강원도","화천군","운반급수",20/06/20,20/06/20
"강원도","화천군","운반급수",20/06/20,20/06/21
"강원도","춘천시","운반급수",20/06/22,20/06/22
"강원도","홍천군","운반급수",20/06/23,20/06/23
"강원도","원주시","운반급수",20/06/26,20/06/26
"강원도","원주시","운반급수",20/07/08,20/07/08
"경상북도","의성군","운반급수",20/07/13,20/07/13
"강원도","화천군","운반급수",20/07/14,20/07/14
"강원도","춘천시","운반급수",20/07/17,20/07/17
"충청북도","충주시","운반급수",20/08/01,20/08/02
"강원도","원주시","운반급수",20/08/04,20/08/04
"강원도","원주시","운반급수",20/08/06,20/08/06
"강원도","춘천시","운반급수",20/08/07,20/08/07
"강원도","원주시","운반급수",20/08/14,20/08/25
"강원도","원주시","운반급수",20/08/18,20/08/18
"강원도","화천군","운반급수",20/08/20,20/08/20
"강원도","원주시","운반급수",20/08/25,20/08/25
"강원도","원주시","운반급수",20/09/03,20/09/03
"강원도","원주시","운반급수",20/09/10,20/09/10
"강원도","태백시","운반급수",20/09/12,20/09/12
"강원도","태백시","운반급수",20/09/12,20/09/28
"강원도","원주시","운반급수",20/09/22,20/09/22
"강원도","원주시","운반급수",20/09/28,20/09/28
"강원도","원주시","운반급수",20/09/28,21/01/12
"강원도","원주시","운반급수",20/09/29,20/09/29
"경상북도","의성군","운반급수",20/10/04,20/10/04
"강원도","춘천시","운반급수",20/10/06,20/10/12
"강원도","춘천시","운반급수",20/10/19,20/11/01
"강원도","정선군","운반급수",20/10/27,20/10/27
"강원도","춘천시","운반급수",20/10/27,20/11/14
"경기도","광주시","운반급수",20/10/28,20/12/31
"경상남도","양산시","제한운반",20/11/04,20/11/05
"강원도","화천군","운반급수",20/11/04,20/11/04
"강원도","화천군","운반급수",20/11/04,20/11/30
"전라남도","신안군","운반급수",20/11/09,20/11/09
"강원도","정선군","운반급수",20/11/11,21/01/26
"강원도","정선군","운반급수",20/11/11,21/03/10
"강원도","춘천시","운반급수",20/11/11,20/11/13
"강원도","정선군","운반급수",20/11/15,20/11/16
"강원도","정선군","운반급수",20/11/15,21/01/10
"강원도","삼척시","운반급수",20/11/17,20/11/17
"경상남도","거제시","운반급수",20/11/18,21/12/03
"강원도","춘천시","운반급수",20/11/25,20/11/25
"강원도","원주시","운반급수",20/11/26,20/12/17
"강원도","정선군","운반급수",20/11/30,21/03/01
"강원도","정선군","운반급수",20/12/01,21/02/28
"강원도","정선군","운반급수",20/12/02,20/12/04
"강원도","정선군","운반급수",20/12/02,21/03/02
"강원도","정선군","운반급수",20/12/03,21/03/04
"강원도","원주시","운반급수",20/12/04,20/12/04
"강원도","원주시","운반급수",20/12/17,20/12/17
"강원도","정선군","운반급수",20/12/18,21/01/27
"강원도","원주시","운반급수",20/12/24,20/12/24
"강원도","정선군","운반급수",20/12/24,21/03/20
"강원도","정선군","운반급수",20/12/25,21/02/27
"강원도","태백시","운반급수",20/12/25,20/12/27
"강원도","정선군","운반급수",20/12/27,21/02/28
"강원도","정선군","운반급수",20/12/30,21/02/25
"강원도","춘천시","운반급수",20/12/30,21/03/10
"강원도","춘천시","운반급수",20/12/31,21/01/29
